"","OTUOfInterest","size","rep","fold","RMSE(100 * CombinedNS$Combined, 100 * CombinedNS$TrueValue)","MAE(100 * CombinedNS$Combined, 100 * CombinedNS$TrueValue)","R2(100 * CombinedNS$Combined, 100 * CombinedNS$TrueValue)","sum(CombinedNS$PredictedClass == CombinedNS$TrueClass)/length(CombinedNS$TrueClass)","GMM1_Class","GMM2_Class","GMM3_Class","GMM4_Class","GMM5_Class","GMM6_Class","GMM7_Class","GMM8_Class","GMM9_Class","GMM10_Class","GMM11_Class","GMM12_Class","GMM13_Class","GMM14_Class","GMM15_Class","GMM16_Class","GMM17_Class","GMM18_Class","GMM19_Class","GMM20_Class","GMM21_Class","GMM22_Class","GMM23_Class","GMM24_Class","GMM25_Class","GMM26_Class","GMM27_Class","GMM28_Class","GMM29_Class","GMM30_Class","GMM31_Class","GMM32_Class","GMM33_Class","GMM34_Class","GMM35_Class","GMM36_Class","GMM37_Class","GMM38_Class","GMM39_Class","GMM40_Class","GMM41_Class","GMM42_Class","GMM43_Class","GMM44_Class","GMM45_Class","GMM46_Class","GMM47_Class","GMM48_Class","GMM49_Class","GMM50_Class","GMM51_Class","GMM52_Class","GMM53_Class","GMM54_Class","GMM55_Class","GMM56_Class","GMM57_Class","GMM58_Class","GMM59_Class","GMM60_Class","GMM61_Class","GMM62_Class","GMM63_Class","GMM64_Class","GMM65_Class","GMM66_Class","GMM67_Class","GMM68_Class","GMM69_Class","GMM70_Class","GMM71_Class","GMM72_Class","GMM73_Class","GMM74_Class","GMM75_Class","GMM76_Class","GMM77_Class","GMM78_Class","GMM79_Class","GMM80_Class","Other_Class","GMM1_Reg","GMM2_Reg","GMM3_Reg","GMM4_Reg","GMM5_Reg","GMM6_Reg","GMM7_Reg","GMM8_Reg","GMM9_Reg","GMM10_Reg","GMM11_Reg","GMM12_Reg","GMM13_Reg","GMM14_Reg","GMM15_Reg","GMM16_Reg","GMM17_Reg","GMM18_Reg","GMM19_Reg","GMM20_Reg","GMM21_Reg","GMM22_Reg","GMM23_Reg","GMM24_Reg","GMM25_Reg","GMM26_Reg","GMM27_Reg","GMM28_Reg","GMM29_Reg","GMM30_Reg","GMM31_Reg","GMM32_Reg","GMM33_Reg","GMM34_Reg","GMM35_Reg","GMM36_Reg","GMM37_Reg","GMM38_Reg","GMM39_Reg","GMM40_Reg","GMM41_Reg","GMM42_Reg","GMM43_Reg","GMM44_Reg","GMM45_Reg","GMM46_Reg","GMM47_Reg","GMM48_Reg","GMM49_Reg","GMM50_Reg","GMM51_Reg","GMM52_Reg","GMM53_Reg","GMM54_Reg","GMM55_Reg","GMM56_Reg","GMM57_Reg","GMM58_Reg","GMM59_Reg","GMM60_Reg","GMM61_Reg","GMM62_Reg","GMM63_Reg","GMM64_Reg","GMM65_Reg","GMM66_Reg","GMM67_Reg","GMM68_Reg","GMM69_Reg","GMM70_Reg","GMM71_Reg","GMM72_Reg","GMM73_Reg","GMM74_Reg","GMM75_Reg","GMM76_Reg","GMM77_Reg","GMM78_Reg","GMM79_Reg","GMM80_Reg","Other_Reg"
"Overall","Otu00001",1,1,1,20.027874754931,11.4636771429551,0.151889826905302,0.65,0,0,0,0,0,0,0,0,0,0,0,0,0,0,0,0,0,0,0,0,0,0,0,0,0,0,0,0,0,0,0,0,0,0,0,0,0,0,0,0,0,0,0,0,0,0,0,0,0,0,0,0,0,0,0,0,0,0,0,0,0,0,0,0,0,0,0,0,0,0,0,0,0,0,0,0,0,0,0,0,0,0,0,2.61797107633198,0.861937259630506,2.44482504737462,1.70539939978373,3.69260705790905,0,1.68251416430804,0.713811248787446,1.82004275739384,0,0.452968778531196,1.17169434436825,2.09045865864704,0.159686714513753,0,0,0,0.336477208301271,0,0,0,3.37945572736054,1.49955939146406,0,2.07119013166078,0.907122329082652,0.684911259746744,1.23841360004388,1.92674030452498,1.62727582572731,1.60967621035073,0,0,0,1.15240028451105,2.50022774667828,0,1.74086747770567,0.210090634836185,4.44281614999195,2.19312998813361,0.672646532780873,0.469504311352009,9.62600807325734,4.43780886454139,1.46358127175766,1.6656912095576,0.631419585081038,1.90136777674772,0,0.650344669402428,1.81629034746067,0,0,1.38012108144566,1.81891533905386,1.6906316352794,0,0.855288816844354,0,2.27612561798075,1.45699491167728,0,0.870463921010383,0,2.85133284401874,3.11923290470787,0,0.942784082321727,2.33779689800528,0,1.19658032881677,1.31219038798131,0.721856403328154,1.80927800808963,3.86738855764926,1.01468569871607,0.209399143435635,0
"Overall1","Otu00001",1,1,2,26.1109400687584,15.1362576963472,0.157050019534576,0.333333333333333,0,0,0,0,0,0,0,0,0,0,0,0,0,0,0,0,0,0,0,0,0,0,0,0,0,0,0,0,0,0,100,0,0,0,0,0,0,0,0,0,0,0,0,0,0,0,37.2140458731368,0,0,0,0,0,0,50.1236967199774,0,0,0,0,0,0,0,0,0,0,0,0,0,0,0,0,0,0,0,0,0,0,0,36.6899487073643,0,0,0,2.34227538138571,2.84719316660846,0,0,0,0,0,3.96934807996118,0,0,2.24112053061872,2.11302950742344,0,0,3.83879369833617,0,0,0,3.36390607645646,0,2.47723329879575,1.94694313012795,2.65102549192128,3.73258026796853,2.44293016229265,2.09699858085181,0,0,0,0,4.1447815067929,3.14850498521207,4.22149665077869,0,0,0.00598908284405805,0,0,0,2.43369797937008,0,3.01408215282236,2.61806376801829,0,0,5.24472527030911,3.85059379308327,1.20033314109898,0,2.61418326782466,3.46896325475601,0,1.06437244051449,4.69374217312223,3.08521419057037,0.740843490957252,0,0,0,0,0,0,1.80688724559776,0,0,1.60639991838471,0,0,0,0.768848084673883,0,3.10328234647556,3.35195225291912,0,3.17540355446688,0,0,3.13037902842078,1.44388304823836,0,0
"Overall2","Otu00001",1,1,3,14.8595358912816,8.54812024159217,0.44773356754398,0.75,33.4924667924927,0,0,0,0,0,0,0,0,0,0,0,0,0,15.5886280439683,0,0,0,0,0,0,0,0,74.323073148091,0,0,0,0,0,0,0,0,32.9176556770352,0,0,0,0,0,0,0,0,48.385392832789,0,0,0,100,24.9616622309576,0,0,0,0,0,0,0,0,42.0039539395798,0,0,0,0,0,0,0,0,0,0,0,0,46.0275747629717,0,0,0,0,0,32.008297495642,0,0,48.7321017605701,2.0233914804964,0,0,8.47224438175308,0,0,0,0,0,0,0,0,0,0,0,0,0,5.7663815220155,0,0,0,0,0,0,0,0,15.8329919935682,0,0,0,0,0,0,0,0,2.65991162210649,0,0,0,0,0,0,0,0,7.98207905202092,0,0,0,14.0982269087677,12.788314851831,0,0,0,0,5.16178129981827,0,0,0,15.0363943910182,0,0,0,0,0,0,0,0,0,0,0,0,0,0,0,0,0,0,2.12678126060997,0,0,4.35955954265679,5.71533317383397,0,0
"Overall3","Otu00001",1,1,4,14.2329437532326,9.17371494046442,0.468346290541937,0.684210526315789,10.8373761374343,2.76130352976867,0,0,3.11077512274277,0,68.4450326176863,0,44.3081407134336,1.26365600031747,3.8583895371125,7.53176563575149,0,14.3260122924142,33.8069192256864,0,0,8.78379991250998,10.3435271744844,5.6851034293509,5.41293994522064,0,5.96572952074527,45.0564704026104,2.11616004853209,0,14.0048207924883,3.40698307736688,4.0323284029589,0,20.2249208066531,4.12870691764185,9.48485903300411,0,8.18535484984387,18.9475787027895,7.0466597752691,7.2760594298211,2.03083512756507,3.2310751595362,0,16.1465343010408,0,4.00027837291568,0,100,2.94023850173962,5.77884816340765,6.13901482164353,29.6567769269204,1.29275298240791,0,35.7185215221826,0,3.92093739645009,0,5.46518551241226,0,9.109297436195,11.7369168929048,5.72954304931289,1.19498948685421,8.72630150335893,0.389540659827175,0,4.96311161496442,6.77834620125676,12.6635809080176,12.8996727285788,0,0,7.76678452893826,16.7577396578914,2.40878605832212,4.16047785813364,0,0,16.7268334509666,0.736660713975758,0,0,1.06463765918888,3.31345239683749,2.17475066666,0,1.72206834090912,0,12.3952287855271,0,4.91001162873549,1.60950333426424,1.12430318447716,2.04950872549237,0,2.01331743112191,3.84949682500446,0,0,0.994363278408301,3.8770241709646,0.725976825260818,0.507806682961043,0,1.44337858450013,5.06858435282949,0.390669629406653,0,2.73689353964134,1.15061991056975,1.36151815724756,0,2.7048424076087,0.778429873321463,1.10721487458834,0,0.719611501564611,0.0095044947854061,1.9026967813677,1.87901662239958,1.25920095607335,0.802359025098574,0,1.86177060595812,0,0.692869734920875,0,1.28146109082131,0.169135071914818,1.01072196327458,1.78624664456544,0.699217892968499,1.09840538457375,0,2.17244219199101,0,1.93295141499308,0,2.00145063008204,0,1.4187464609227,0.157238383081715,1.04887037689633,1.33338212685445,1.70764307804013,1.15304801964314,0,1.74445158959291,1.36868693519591,0.208158889486143,2.33542183627693,0,0,1.16316225965926,1.74195376925145,1.54690739633666,0.923253745222112,0,0,0.788235353879534,1.00817650678146,0,0
"Overall4","Otu00001",1,1,5,29.5639984412655,16.2951949880682,0.0116971515823035,0.684210526315789,0,0,0,0,0,0,43.5139840433747,0,0,0,0,0,0,0,0,0,0,0,0,0,0,0,0,100,0,0,0,0,0,0,0,0,0,0,0,0,0,0,0,0,0,0,0,0,0,52.3075363876891,0,0,0,0,0,0,0,0,0,0,0,0,0,0,0,0,0,0,0,0,0,16.6336754090454,31.4263771070506,0,0,0,0,0,0,0,0,40.9227727747607,0,0,0,0,0,0,0,0,0,18.5366203205561,0,0,0,0,0,0,0,0,0,0,0,0,0,0,0,0,20.5113915313335,0,0,0,0,0,0,0,0,0,0,0,0,0,0,0,0,0,0,0,0,0,25.1707469252558,0,0,0,0,0,0,0,0,0,0,0,0,3.8446308980144,0,0,0,0,0,0,0,0,5.35932136791303,4.90108181946518,0,0,0,0,0,0,0,0,21.6762071374619,0,0,0
"Overall5","Otu00001",1,2,1,25.5001008649834,13.9144710745979,0.00147564682480458,0.7,0,9.63979146550367,0,5.09803335835137,38.7273246824121,7.19822066534495,100,0,0,0,0,0,0,0,0,0,0,18.1954155333032,0,0,0,15.7942857617484,5.34995517405494,91.4207729751646,0,0,0,0,0,0,16.4184280310788,0,0,0,0,0,0,0,0,0,16.7678538695905,44.1763689697582,0,0,0,64.0859535972432,0,9.2847891916775,0,0,0,10.5936954265913,0,19.0746399004238,25.5324197464003,0,0,9.7914606803748,0,0,0,0,0,35.8279283975478,0,0,0,0,0,9.00669530990348,0,0,34.5657626992199,23.6538017497888,0,0,38.8317402813151,15.0346561565453,0,0,0,0,15.2238821126834,0,0,0,0,24.4163051172554,0,0,0,0,0,0,0,0,0,0,14.0381593396916,0,0.868035205125246,0,0,0,15.2269371019195,0,0,0,0,0,0,0,0,0,0,0,0,0,0,0,0,0,1.8677694236458,28.3589116996791,0,0,0,0,0,0,0,0,0,0,0,0,0,0,0,0,0,0,0,0,0,0,0,0,0,0,0,0,0,0,0,0,0,0,0,0,0,0
"Overall6","Otu00001",1,2,2,16.4128397054816,9.61509780115811,0.139215823184026,0.714285714285714,0,0,3.29920332533754,0,0,0,0,0,11.9746801996596,41.886065915453,34.7498135715668,0,0,0,0,79.7413526311154,0,0,12.5620477649064,0,0,3.82163100687413,3.29488114565528,24.9651129915953,0,4.55732728189718,16.7154995261292,0,0,0,0,0,0,0,0,0,0,1.08160164911877,0,40.1569795237637,0,0,0,0,0,0,28.9939461047425,0,0,0,0,0,37.0704887792385,0,0,0,4.04444192280038,0,0,15.6635461240512,8.8947482383626,4.55690269432027,0,0,8.24655368584135,0,0,2.05215436953313,0,0,55.666049308779,6.99119938978559,0,0,0,0,0,100,0,0,0,0,0,3.19335980760175,0,0,0,0,1.95228366533617,7.61612254653731,2.72921625852131,5.24022402217433,0,0,0,0,6.47767352307178,0,0,1.40474331400517,0,0,1.40121225271778,3.74235658794589,7.46795602111048,0,2.01762474146896,4.0147941411738,0,0,0,0,0,0,0,0,0,0,0.809042123724771,0,4.82814513283172,0,0,0,0,0,0,5.48523003781531,0,0,0,0,0,12.5252377606517,0,0,0,1.78824071524471,0,0,2.09125717383725,4.91235946530371,4.20220175315706,0,0,1.69490890343921,0,0,0.0286156511884342,0,0,6.93820898549141,2.94455342616789,0,0,0,0,0,4.49443198948206,0,0,0
"Overall7","Otu00001",1,2,3,8.81750155925628,5.05641242601159,0.799401295587473,0.65,8.51626990990628,0,0,0,0,0,29.1662267690774,4.86510747938189,0,0,0,0,0,0,4.51837475340437,0,0,0,0,0,0,0,0,66.0451571765988,0,0,0,0,0,0,0,0,5.82833220881348,0,0,0,0,0,0,0,37.1303995431162,9.44466771030892,9.92677166758089,0,0,100,26.2351199014907,0,0,12.4056448880562,0,0,0,0,0,0,0,0,0,0,0,2.06918909063626,0,0,0,9.85638392233492,0,0,0,0,0,0,16.9430066728361,0,0,10.9587755680038,0,71.6330251384501,3.58218707401308,0,0,0,0,0,0,0,0,0,0,0,0,0,0,0,0,0,0,0,0,0,0,0,0,0,0,0,0,0,0,0,0,0,0,0,0,0,0,0,0,0,0,0,0,0,0,0,0,0,0,0,0,0,0,0,0,0,0,0,0,0,0,0,0,0,0,0,0,0,0,0,0,0,0,0,0,0,0,0,0,0,0,0
"Overall8","Otu00001",1,2,4,14.5334440082654,8.21914123374537,0.525583856231375,0.684210526315789,52.0182070644809,9.71974655167646,3.76552168314269,0,2.52100418458652,1.52276533189047,54.5537471691146,26.1698223016114,0,0,1.00303113491772,10.8841450282558,0,21.8735671764969,26.5528902843183,0,2.44373027029968,4.73048158399829,10.1513807637348,0,0,0.697951916198293,3.03046269746279,100,6.05993262822947,0,2.69791505275506,1.4192019007738,5.60336360223073,6.45105528422458,0,2.93987940440969,19.7588415488823,0.98152715798876,3.20092963593543,0.103130435514614,8.35319660283161,8.09950943918139,13.3228736117566,0,0.665140703192496,19.350190384307,3.8657584593726,0,11.2308710718519,84.9102585309405,58.650191946765,4.98755398479282,1.56373775941311,2.41933444221634,13.7355362633642,9.59190493055834,0,23.1876780325482,0,10.7221980563222,10.3685294645916,22.744066267289,0.333619265756942,2.31411186747193,0,2.98156977803724,0.424043898040443,6.09248649908265,3.16973627359479,30.8833174108318,4.50616816600058,4.20981700395562,11.734839381133,0.239186917925446,3.61532505153502,59.4403829005651,47.2901993296649,0,1.89385059647443,8.39672917121139,10.9370142552594,27.5604789907231,28.9880801686327,0,0,0,0,0,0,0,0,0,0,0,0,0,0,0,0,0,0,0,0,0,0,0,0,0,0,0,0,0,0,0,0,0,0,0,0,0,0,0,0,0,0,0,0,0,0,0,0,0,0,0,0,0,0,0,0,0,0,0,0,0,0,0,0,0,0,0,0,0,0,0,0,0,0,0,0,0,0,0,0,0,0,0
"Overall9","Otu00001",1,2,5,14.8207786517755,9.62887280272754,0.368593452306839,0.526315789473684,0,10.4346509054819,0.208108224376139,10.0695081579528,0,0,25.9997454062482,0,0,0,0,0,5.93539537837323,0,3.41387454153169,3.49735732860809,0,0,0,0,0,0,0,57.4481217743707,0,0,1.23712034538588,0,0,0,4.97690300095372,0,0,8.83103666919207,0,0,0,15.5456992072819,0,0,4.04989951859462,0,0,7.8531616141801,0,100,0,0,2.07870811773805,0,0,1.88500664594793,0,0,6.00460328221049,9.48389553572219,0,0,0,0,0,0,0,0,0,0,0,0,9.31118508067883,2.98511625171678,13.1150287280768,0,0,0,0,20.8565015988717,0,44.9026680773487,0,0,0,0,0,0,0,0,0,48.6785590624971,0,0,0,0,0,0,0,0,0,0,0,0,0,0,0,0,51.3214409375029,0,0,0,0,0,0,0,0,0,0,0,0,0,0,0,0,0,0,0,0,0,0,0,0,0,0,0,0,0,0,0,0,0,0,0,0,0,0,0,0,0,0,0,0,0,0,0,0,0,0,0,0,0,0,0,0,0
"Overall10","Otu00001",1,3,1,8.47013575250483,4.19827928402243,0.726809029962408,0.714285714285714,5.61319519015961,0,1.85360463836512,0,73.4608447298646,0,13.7426549083492,0,4.57044039729447,7.89521413444833,0,0,0,14.1287386543678,4.27570431679856,0,0,0,1.86047794704801,100,0,11.6518494193474,13.456646065919,12.7021062186794,0,1.31072954973777,3.49754621894788,1.23738519144353,2.28738309541087,0,35.6049557787885,0,0,0,0,0,0,4.57823271358941,13.4050498964457,0,13.1881353080016,0.588726871271872,0,0,3.75613489039515,82.2105402399594,0,0,0,0,0,6.48950853083832,0,0,5.53373883094216,0,27.050191635814,0,17.2267354075284,0,0,0,7.78285640977266,3.74503371718714,0,0,0,0,0,15.6017612584938,0,0,27.4576710684232,3.71736205506584,2.46813416861456,0,4.89073215530354,31.4118612057436,0,0,0,0,0,0,0,0,0,0,0,0,0,0,0,0,0,0,0,0,0,0,0,0,0,0,0,0,0,0,0,0,0,0,0,0,0,0,0,0,0,0,0,0,0,0,0,0,92.271515974576,0,0,0,0,0,0,0,0,0,0,0,0,0,0,0,0,0,1.4794817393,0,0,0,0,0,0,0,0,0,0,0,0,0,6.24900228612396,0,0,0
"Overall11","Otu00001",1,3,2,8.12401802331359,3.90835355608493,0.82129026882349,0.523809523809524,0,4.49896550666043,1.32262120181308,9.86584608754984,0.462668275356007,0,52.2396706124283,0.959077868479873,0.921983846721897,2.34886724540157,2.4561605528852,10.310658995355,11.0133646247048,3.09813645966062,1.90849552697467,20.9825998881346,0.409676951447187,2.5592088016178,0,0.593599853861532,4.793235765543,2.55187389243746,2.41913865171008,58.2557766341142,0,1.94600678870932,0,1.41845045599794,3.3882069307552,0,63.8655142467973,6.22028697256219,1.20122549890245,0,4.30731242300855,0,4.38342535059568,2.14601254065183,0,6.65677062043102,0.623283403658028,3.96999261907318,5.61024824600514,0.974969257345188,2.83675689170419,53.2534890212051,25.8887175731551,5.02966886507168,36.6648400741885,3.51546789819644,2.1355534395337,2.23242522112794,0,0,10.9912244160707,3.75038736296583,1.70858064133402,3.76381700417317,0,0,4.23940681839768,0,2.15779851090014,1.06257819685848,2.06972672646295,0,11.5884890616508,24.4202645941712,23.5626258040978,0.66598250530273,2.83822296201397,0,0,100,11.1798992277812,5.3832858819703,4.07099005870881,19.4798151425797,0.544796693720994,0,0,0,0,0,0,0,0,27.7284806975424,0,0,0,0,0,0,0,0,0,0,0,0,0,0,0,0,21.2672681882192,0,0,0,0,0,0,8.85827775339561,0,0,0,0,0,0,0,0,0,0,0,0,0,0,40.6100246394248,0,0,0,0,0,0,0,0,0,0,0,0,0,0,0,0,0,0,0,0,0,1.53594872141801,0,0,0,0,0,0,0,0,0,0,0,0,0
"Overall12","Otu00001",1,3,3,8.61937645191246,5.50156158457183,0.80079573150924,0.65,0,0,0,0,0,0,0,0,4.04113259320734,0,0,0,0,0,0,0,0,0,0,0,0,0,0,57.1737217812953,0,0,0,0,0,0,0,0,0,0,0,0,0,0,0,0,0,0,0,0,0,100,0,0,0,0,0,0,0,0,0,0,0.179777589355115,0,0,0,0,0,0,0,0,0,0,0,0,0,0,0,0,0,0,0,0,0,0,0,0,0,0,0,0,0,0,0,0,0,0,0,0,0,0,0,0,0,0,0,0,0,0,0,0,0,0,0,0,0,0,0,0,0,0,0,0,0,0,0,0,0,0,0,0,0,0,0,0,0,0,0,0,0,0,0,0,0,0,0,0,0,0,0,0,0,0,0,0,0,0,0,0,0,0,0,0,0,0,0,0,0
"Overall13","Otu00001",1,3,4,21.7999429758748,12.3899237288333,0.275759309554272,0.631578947368421,0,0,0,0,0,0,55.1706354994609,14.0347319889444,0,0,0,0,0,1.62087943712179,12.132416471566,0,0,0,0,0,0,0,0,70.3104000910331,0,0,0,0,0,0,0,0,5.07290943604376,0,0,0,0,0,0,0,0,0,0,0,0,96.506537466515,0,0,0,100,0,0,0,32.7222979597636,0,0,0,0,59.1444790993496,0,0,0,0,0,0,0,0,0,0,0,0,0,0,0,0,0,0,0,0,0,0,0,0,0,0,0,0,0,0,0,0,0,0,0,0,0,0,0,0,0,0,0,0,0,11.3710591556728,0,0,0,0,0,0,0,0,0,0,0,0,0,0,0,0,0,0,0,0,0,32.6600482189118,0,0,0,26.5257490769715,0,0,0,0,0,0,0,0,29.4431435484439,0,0,0,0,0,0,0,0,0,0,0,0,0,0,0,0,0,0,0,0,0,0
"Overall14","Otu00001",1,3,5,11.0364716526347,5.97187858454218,0.556253354152428,0.736842105263158,0,0,0,0,0,0,66.9472615845796,0,0,0,0,0,0,0,0,0,0,0,0,0,0,0,0,21.2769526550923,0,0,0,0,0,0,26.2646177194877,27.7113226535323,0,0,0,0,0,0,0,0,0,0,0,0,0,100,15.875994187037,0,0,0,0,0,0,0,25.1676813255492,0,0,22.0305354489641,0,0,0,0,0,0,0,0,0,4.67878997696893,25.3065152295389,0,0,16.1871573089575,6.46682364560863,0,0,0,0,0,0,0,0,0,0,0,0,0,0,0,0,0,0,0,0,0,0,0,0,0,0,0,0,0,0,0,0,0,0,0,0,0,0,0,0,0,0,0,0,0,0,0,0,0,0,0,0,0,56.7514287087453,0,0,0,0,0,0,0,0,43.2485712912547,0,0,0,0,0,0,0,0,0,0,0,0,0,0,0,0,0,0,0,0,0,0,0,0,0,0
"Overall15","Otu00001",2,1,1,10.2333336207766,6.56941505551782,0.624164939102274,0.75,2.8372082509344,3.46183695470573,2.7589316248609,0.592816259943049,1.95294227206935,0.771181487568702,44.6587641360694,0,2.50974026630565,2.03926804847464,4.03793979741895,7.66555252829052,7.93397032757065,8.72231011986887,1.69346004036068,5.58186712692367,0,1.89803134705118,1.48110581395539,4.18011215778649,0.870268679286847,0.538997983148046,4.1452122705919,87.8418308123126,3.37298298951041,0.686878515271141,0.997195947033209,1.36689749088047,1.67436274844889,1.63314521202537,39.1309458453808,6.71681645493634,17.5750010847129,0.887926205611718,6.33115755407889,0.876689195926537,7.97178116281749,12.5969532219475,3.22538535537838,4.0831603922115,0,5.25040957825706,5.82447843509763,1.49189661412073,4.64998785046665,100,41.607783025506,0.602564371749996,5.58523162189179,2.22146470444229,0.392531937253651,2.24697580746496,1.48713714022722,4.20830690109438,8.15039100442839,8.39766852496458,3.6909381108738,2.4500619885265,4.4243922355194,4.03026832588715,10.7562075177154,0,4.31060374750602,0.936332613550022,0,0,17.6177419570383,6.01566522516025,1.82695364022412,1.28793489979834,13.5787593329223,33.6053293581697,9.46510664089685,1.48694477384417,0.745048706907039,2.92848657465333,2.19277550701148,20.8505489772309,3.98064475036066,1.12861450641653,0,0,0,0,0,0,0,23.7743643253864,0,0,0,0,0,0,0,0,0,0,0,0,0.258253031938824,0,0,0,21.5220797225159,0,0,0,0,0,0,18.0612682953002,0,0,0,0,0,0,0.938870166251286,0,0,0,0,0,0,0,23.920049750327,0,0,0,0,0,0,0,0,6.79835707723172,0.424466213095925,0,0,0,0,0,0,0,0,0,0,0,4.3022914179527,0,0,0,0,0,0,0,0,0,0,0,0,0
"Overall16","Otu00001",2,1,2,10.9166029905706,5.74483600606788,0.607615603236099,0.761904761904762,0.309423177889089,3.98056313950881,2.30772082623811,0,2.82459779412239,4.19158908517072,89.8406808985694,0.199713746533891,2.67607176446465,0,8.26359192921043,10.3506319777135,24.7222584127477,2.04865691682196,0,6.03287858798378,0.937917278513692,0,16.7141942260484,0,0.298505886831839,1.21662173065806,3.12718394156259,100,7.06903176351651,2.17089171560649,0.122722232213514,0,9.39006581220107,0,22.7183473901311,0,0.829515760574783,9.90270723101895,5.34183904476544,2.01711689682873,25.2625517733701,7.27697319482665,1.25099346888474,9.08148778538597,0,2.56175287439103,1.57333098006673,2.78815624062945,7.35371676193004,75.1295033036203,0,5.22866768178029,1.84379699870495,14.1332790431867,0,6.24245202951236,5.12537674234794,5.16195534594348,18.9823720658319,0,1.04980244924085,8.34552521566897,0,6.57529680783737,0,0.707459316774422,1.6876921728579,0,0.966092750437817,14.0002016554813,10.0686501632557,0,24.6697559050054,2.33065864875304,5.98765190558702,1.03451863461121,4.99003044051245,4.04304662350286,0,1.2964678750395,1.82364778927974,1.26273451943857,10.2125087541415,0,0,0,0,0,0,0,0,68.6882220037218,0,0,0,0,0,0,0,0,0,0,0,0,0,0,0,0,31.3117779962782,0,0,0,0,0,0,0,0,0,0,0,0,0,0,0,0,0,0,0,0,0,0,0,0,0,0,0,0,0,0,0,0,0,0,0,0,0,0,0,0,0,0,0,0,0,0,0,0,0,0,0,0,0,0,0,0,0
"Overall17","Otu00001",2,1,3,6.42362044999494,3.81544906766887,0.966866138427601,0.8,2.09674585363072,2.79570217119116,1.98911860304626,0,0,1.05871833450007,43.2789561695534,1.51245790260806,1.07896509424049,0.127949289978094,5.23865828706643,18.9112312660632,1.69160263183182,1.99106216784089,3.24327750918447,4.99157060943669,0,0.807568371257272,9.29646612767677,0,0,1.21611460569123,3.27976853646511,76.6204941162871,0,0,2.44320326165514,0.601404214297772,2.79283185020476,0,15.5924728105091,0.642175168080133,0.845634132776663,1.45204662449907,1.2126230301683,0.738581002388655,6.74774758941873,4.63468757090588,0.435905573380296,4.64671838587489,0,8.35583621287599,5.32384656075474,0.768134507755211,4.92087351666,100,20.151326675742,1.3645492703178,2.47445609178266,2.80899494757612,0,2.11637735687963,1.63763298100558,1.41192781758046,4.94524109260263,8.23849221501582,1.33816039616244,7.78928246901054,4.80475849360089,1.84172492918309,0,0.217411686450594,3.07322022533679,0,1.03177388135526,1.79094290618657,0.189559526698674,2.03847795017274,48.9011325812469,2.6440642291105,7.16097832303079,1.53264275692809,2.7178610876749,0,1.71970055975206,2.10121654984236,0,48.9180180796017,3.14333424740131,2.186256063952,0,0,0,0,0,0,0,0,0,0,0,0,0,0,0,0,0,0,0,0,0,0,0,0,0,0,0,0,0,0,0,0,0,0,0,0,0,0,0,0,0,0,0,0,0,0,0,0,0,0,0,0,0,0,0,0,0,0,0,0,0,0,0,0,0,0,0,0,0,0,0,0,0,0,0,0,0,0,0,0,0,0
"Overall18","Otu00001",2,1,4,6.11752442665808,3.35038853369889,0.902381983609808,0.684210526315789,0,0,0,0,0,0,0,0,0,0,0,0,0,0,0,0,0,0,0,0,0,0,0,0,0,0,0,0,0,0,0,0,0,0,0,0,0,0,0,0,0,0,0,0,0,0,0,0,0,0,0,0,0,0,0,0,0,0,0,0,0,0,0,0,0,0,0,0,0,0,0,0,0,0,0,0,0,0,0,0,0,0,0,0,0,0,0,15.1512187668874,0,0,0,2.21110895789633,0,6.26851768903505,0,0,8.77369952214883,0,8.34054113298287,0,0,3.68538056518897,0,0,10.089514035865,2.8332542972051,3.51445312458726,0,0,0,0,6.7859293286992,0,0,0,3.03953866488049,0,0,0,0,0,0,0,0,0,0,12.7972030161236,0,0,0,0,0,0,0,0,0,4.93625074574476,0,0,0,0,0,0,0,0,0,0,0,0,0,0,0,3.80954131462251,0,0,0,7.76384883813264,0,0,0,0,0
"Overall19","Otu00001",2,1,5,21.5249515203464,12.1397699992881,0.0971407130678004,0.736842105263158,9.6046111025112,1.85391319362799,2.69376105836912,0,4.48389786744088,0.724888314658479,60.833726027279,0,3.03450775149546,0.626266023338265,4.94885342405318,0,13.5753944546766,6.09980417533116,0.826269985752765,2.67104658395351,0.921504761979481,0,16.1104314992641,0,0,0,0.919445480071701,78.6009953510737,0,0.790230970729203,1.31764349523163,0.298095135294431,1.08899740274138,4.99356706985333,23.5954144225362,1.43429315634603,2.7800236046368,0,8.2240385077133,0,11.101291755458,11.7131676061505,0,4.44965237172688,5.40024828272909,31.965565372389,0,0,6.08997269051476,100,6.54086495311744,0,0,4.46119766177382,0,0,0,1.94799222071259,6.31465954164808,1.95503278725207,3.05136924887987,0,0,0,3.79760446971814,8.63620704343516,0,1.31822126022363,0,0,13.2935528473358,8.77567901723226,11.0338419386558,6.67497790561438,8.61704756137314,0,19.8585943303621,4.36675327761126,0,0,0,35.1211803399308,0.271305287882472,7.26505603953527,0,0,0,0,0,0,0,41.8308959970353,0,0,0,0,0,0,0,0,0,0,0,0,0,0,0,0,30.5180151599022,0,0,0,0,0,0,0,0,0,0,0,0,0,0,0,0,0,1.30746727858829,0,0,0,24.461478455976,0,0,0,0,0,0,0,0,0,0,0,0,0,0,0,0,0,0,0,0,0,0,0,0,0,0,1.88214310849822,0,0,0,0,0,0,0,0
"Overall20","Otu00001",2,2,1,7.65180658258122,4.82379100401614,0.779781700739635,0.7,2.43201243286506,9.28647647389273,5.86746020256095,2.05243368013486,3.78284241790748,4.36611625280529,64.3595304498269,1.40794535939688,2.32246094060881,8.54710376745101,10.5275207698327,4.61001232947766,15.1260713682109,4.83593555952397,2.32234391045034,10.5869539755549,2.63409428712141,2.35084750898688,0,2.7707182854761,0,3.84100970336814,2.28919664889978,63.3304075056277,0,2.03109121338215,2.12540398840045,2.4142714936491,4.65087934395613,1.00419630955189,3.23727918244306,1.27362608943739,8.6407764456218,3.54002963055759,8.98228628702923,0,8.71588431939025,7.61086894247651,7.44536760518581,9.87643608103673,9.64037441191944,3.2434651657639,6.34944283287473,3.28910034077501,0,100,4.95515892701681,1.1431367618519,2.47165031579309,1.1627011517113,3.03101260280181,0,3.61974314879178,0.11245500827001,3.68399695872087,9.71361248177707,8.51208554643563,1.99242273821814,7.07374250289929,3.66212637656467,5.60736528685485,1.82494564661438,1.7750029759804,1.47746728358795,0,0.484215544403124,3.46417526197364,4.72272952151845,2.77737867755246,5.2935144844906,0.722591287786429,11.0639997450332,6.74486167477535,3.16786123241677,3.07585835039225,9.31564297577675,2.25230316202605,34.6704207603015,0,2.02053910233935,0,0,0,0,0,0,0,55.4767411813091,0,0,0,0,0,0,0,0,0,0,0,0,0,0,0,0,18.9810308790478,0,0,0,0,0,0,0,0,0,0,0,0,0,0,0,0,0,0,0,0,0,25.5422279396431,0,0,0,0,0,0,0,0,0,0,0,0,0,0,0,0,0,0,0,0,0,0,0,0,0,0,0,0,0,0,0,0,0,0,0
"Overall21","Otu00001",2,2,2,18.9957209254515,13.2817062979471,0.113621417137983,0.619047619047619,0,0,0,0,0,0,56.1944565609628,0,0,0,0,0,33.0972498906254,0,0,0,0,0,0,0,0,0,0,36.0658645618212,0,0,0,0,0,0,46.3263121207092,0,0,0,0,0,41.0019554632735,0,0,0,0,0,0,0,0,100,0,0,0,0,0,0,0,0,0,0,0,0,0,0,0,0,0,0,0,0,0,0,11.3180104303035,0,0,0,0,0,0,0,0,6.12868330294984,0,0,0,0,0,0,0,0,0,0,0,0,0,0,0,0,0,0,0,0,0,0,0,0,0,0,0,0,0,0,0,0,0,0,0,0,0,0,0,0,0,0,0,0,0,0,0,0,0,0,0,0,0,0,0,0,0,0,0,0,0,0,0,0,0,0,0,0,0,0,0,0,0,0,0,0,0,0,0,0,0,0,0,0
"Overall22","Otu00001",2,2,3,5.60745380776644,3.08969863783116,0.94727128098548,1,3.38937985156453,0,4.56235741991626,0,1.11410257963323,0,61.9176170504224,0,4.33875066834673,6.28591866291337,41.8814060108657,3.64759057008693,24.1430183432031,0,0,18.6297356221186,0,0,4.22161747820498,0,0,3.63878946094087,0,67.6570822061945,0,5.68562812344481,0.585636811885839,0,0,0,14.6039114196716,0,0,8.83743794046135,0,8.19588681418678,37.7502107579827,5.2709111704536,2.09791470107674,36.0396310514772,20.7660405572628,1.48259367372582,0,0,4.57143172575563,100,0.893194054836467,0,0,0,0,0,3.57406295939058,0,0.478422491854922,0,6.04476396022541,6.16083026436556,0,0,0,0,0,0.483041489693894,0,0,0,6.53011362898526,19.982096376306,0,30.550658800773,0,7.81195866694268,15.9865945786898,0,26.4186334525077,0,5.80580528726348,0,7.9709013741867,0,0,0,0,0,0,0,86.3796773921931,0,0,0,0,0,0,0,0,0,0,0,0,0,0,0,0,5.57876094545817,0,0,0,0,0,0,0,0,0,0,0,0,0,0,0,0,0,0,0,0,0,8.04156166234877,0,0,0,0,0,0,0,0,0,0,0,0,0,0,0,0,0,0,0,0,0,0,0,0,0,0,0,0,0,0,0,0,0,0,0
"Overall23","Otu00001",2,2,4,15.6276537411525,10.4003481419318,0.532568931569411,0.736842105263158,8.80324072420689,1.13626235397957,1.44856845563455,4.34083905804722,0.672795502543035,0.697403608955187,40.3033619778925,0,0.624000042677363,4.09950856905336,0,0,9.97975813206478,6.40353361281014,6.65344557222894,3.91582185801639,0,0,1.17966859466883,3.03805342674373,0,2.98642633585168,0.90357776027692,67.9056812444536,1.75960377140105,0.267974007642663,2.65500559009032,0,4.87496763918381,0.624045659101512,20.7976255659483,0,12.1047050901186,1.62517336657664,2.1868798133785,0,8.37993284246347,0,0.807011671613437,2.10666252737301,2.6246251529168,2.33821997416695,1.32613638600129,0,0.950387138721486,100,24.3788412285413,0,0,9.9806950893163,0,4.69644090935728,0,7.32084098353211,0,1.39065167873376,2.58585468819689,1.58256968738298,1.62052778488922,0,0,0,0,2.7215234712626,0,0,3.2155941833599,0,9.67456222171621,0.222640562312855,2.21997889480327,0,5.22411371609672,0,0,2.0540021395376,4.96405969912769,43.3017518748203,3.32428380524443,5.80936732747808,0,2.83144300485349,1.02655259963658,1.82688448460795,1.54817430556977,1.78926266533272,0.698280105590025,4.51903782459538,1.34547044039712,1.16016950198425,0.973789506007984,0.580306764101034,1.17169061627076,0.73934984101182,1.8775477536483,1.45853799405741,0.0776236654629214,1.38635950633874,0.620685474986462,1.63322591711902,0.00746304875805323,0.655238703583817,0.944611557097259,1.56321516078168,3.9202302157052,0.974561790138537,1.72615131909333,0.929867580582971,1.11476481987162,2.17402425596607,1.09543416306566,1.55589165560949,0.432743453435428,2.46194372312125,1.44574946583152,0,0.0863830259308443,0.647229306516215,0.824002637629483,1.89242219704621,0.638493179237396,0.570917948574125,2.01208879827812,0.981732734209772,1.06088571982327,0.82510790937701,4.7289454982535,1.34192460059853,0.851703864432946,1.62701007144111,1.27215208406855,1.08752140102755,1.37219594654709,1.51848429119117,1.7113328131315,2.01331570132145,0.0850103451372881,0.6445903159662,0.965165703863955,0.458544462935882,1.61670100171334,1.20097709543951,0.969007100412994,0.771009952663515,1.10068858775652,0.230346838813855,2.34308000474358,0.165766993053366,0.913343752044056,1.70402803338478,0.44945268139959,0,1.7816612164756,1.84098418967263,1.00501440289701,0.607783899712919,0.75410330067273,0.963911451246711,1.8016258822373,2.0469490347479,0.25012114015932,0
"Overall24","Otu00001",2,2,5,22.8659136689066,13.2772021644985,0.0857034951207105,0.684210526315789,0,0,0,0,0,0,39.9661720763744,0,0,0,0,0,0,0,0,0,0,0,0,0,0,0,0,0,0,0,0,0,0,0,0,0,0,0,0,0,0,0,0,0,0,0,0,0,0,100,0,0,0,0,0,0,0,0,0,0,0,0,0,0,0,0,0,0,0,0,0,0,0,0,0,0,0,0,0,0,0,0,0,0,0,0,0,0,0,0,0,45.6282509250786,0,0,0,0,0,0,0,0,0,0,0,0,0,0,0,0,28.3766969979922,0,0,0,0,0,0,0,0,0,0,0,0,0,0,0,0,0,0,0,0,0,17.7043302922224,0,0,0,0,0,0,0,0,0,0,0,0,0,0,0,0,0,0,0,0,0,0,0,0,0,0,7.74507181710665,0.545649967600226,0,0,0,0,0,0,0
"Overall25","Otu00001",2,3,1,8.61106763017183,5.68342564944871,0.722651809038025,0.619047619047619,0,0,0,0,0,0,0,0,0,0,0,0,0,0,0,0,0,0,0,0,0,0,0,100,0,0,0,0,0,0,0,0,0,0,0,0,0,0,0,0,0,0,0,0,0,50.5412347995514,0,0,0,0,0,0,0,0,0,0,0,0,0,0,0,0,0,0,0,0,0,0,0,0,0,0,0,0,0,0,0,0,0,0,0,0,0,0,0,0,0,72.7108955834999,0,0,0,0,0,0,0,0,0,0,0,0,0,0,0,0,0,0,0,0,0,0,0,0,0,0,0,0,0,0,0,0,0,0,0,0,0,0,27.2891044165001,0,0,0,0,0,0,0,0,0,0,0,0,0,0,0,0,0,0,0,0,0,0,0,0,0,0,0,0,0,0,0,0,0,0,0
"Overall26","Otu00001",2,3,2,13.0865380321529,8.46982576533384,0.509512284194001,0.619047619047619,0,1.72873571879219,7.30702561817184,0,0,0,100,0,7.69483766894589,0,25.3279204718787,15.6556618495312,17.473044246875,6.21775883979666,1.41843307239224,0,0,0,6.13285003259664,0,0,0,0,83.1467626216986,0,0,0,0.269369080856843,0,0,20.2517206655204,0,3.30650551761944,0,0,0,38.0762487738949,35.8473334634702,0,27.5092042235868,0,0,0,0,8.64805917653395,75.2588601836663,0,0,0,0,0,0,0,0,12.5167480787466,0,0,15.3183967436282,5.72617659439714,0,0,0,0,0,0,0,9.56574930172711,3.30835148330045,36.881170625941,0,5.4455041104299,0,0,2.09294693026259,0,0,0,0,0,3.55127773439717,0,0,0,0,0,0,0,0,0,0,0,0,0,0,0,0,0,0,0,0,0,0,0,0,0,0,0,0,0,0,0,0,0,0,0,0,0,0,0,0,0,0,0,0,0,0,0,0,0,0,0,0,0,0,0,0,0,0,0,0,0,0,0,0,0,0,0,0,0,0,0,0,0,0,0,0,0,0,0,0,0,0
"Overall27","Otu00001",2,3,3,11.2453747064705,6.33818071297019,0.768677077335739,0.9,14.990589617741,0,2.23266842978743,0,0,0,50.9439168215274,0,5.65382177460198,0,16.2101921480654,8.15042524559704,0,0,0,1.59199336452539,0,0,12.4948415146882,0,0,0,0,95.4798051828993,0,0,0,0,5.48821984637282,0,25.4540931736006,0,0,14.3244471693724,0,0,22.4645504880132,74.3515863792993,5.59464057003747,8.72742805153737,0,14.9125903956621,0,0,14.8725915623506,100,30.8376018280801,0,0,0,0,0,0,13.4914404342855,4.62375362580739,0,0,0,0,0,0,0,0,5.6227149785746,0,0,0,0,13.9065281233299,0,7.27829066060705,0,6.1502217988172,0,3.1929001172685,0,0,66.8889411307896,0,0,0,0,0,0,0,0,0,23.4333340769732,0,0,0,0,0,0,0,0,0,0,0,0,0,0,0,0,1.10930999213607,0,0,0,0,0,0,0,0,0,0,0,0,0,0,0,0,0,0,0,0,0,75.4573559308908,0,0,0,0,0,0,0,0,0,0,0,0,0,0,0,0,0,0,0,0,0,0,0,0,0,0,0,0,0,0,0,0,0,0,0
"Overall28","Otu00001",2,3,4,24.7029565156244,13.4344561994273,0.072185337635241,0.631578947368421,0,0,0,0,0,0,0,0,0,0,0,0,0,0,0,0,0,0,0,0,0,0,0,100,0,0,0,0,0,0,0,0,0,0,0,0,0,0,0,0,0,0,0,0,0,10.7305321281982,0,0,0,0,0,0,0,0,0,0,0,0,0,0,0,0,0,0,0,0,0,0,0,0,0,0,0,0,0,0,0,0,0,0,0,0,0,0,0,0,0,31.982130558944,0,0,0,0,0,0,0,0,0,0,0.721916447897597,0,0,0,0,0,29.5999110163174,0,0,0,0,0,0,0,0,0,0,0,0,0,0,0,0,0,0,0,0,0,23.7566477894017,0,0,0,0,0,0,0,0,13.9393941874393,0,0,0,0,0,0,0,0,0,0,0,0,0,0,0,0,0,0,0,0,0,0,0,0,0,0
"Overall29","Otu00001",2,3,5,11.3453751743883,5.50831271954496,0.502338475728496,0.842105263157895,13.7761342094235,6.99340754659825,1.5308137470588,0,0.734848630429095,0.114846650978105,35.8276515509032,0,0.905989594328509,3.03558800328185,2.36380699271947,2.09282816967938,8.87348672878827,2.19476431056263,0.928426618971302,10.1655417493485,0,0,3.27323312654902,0,0,1.14582351766725,0.131815888789964,24.6992164878759,0,1.02014598576793,0.42723270013327,1.18057810819112,0.271442095406814,1.9723377615826,13.1798892847261,0.764678726769916,7.77210923033705,1.79364009972671,0,2.14421332039798,18.8046472758765,3.02474569335372,1.67019708312971,1.78544585266417,3.62460249226611,3.15626615053602,0,0,0,100,18.7336083744456,1.77375924372631,1.362245026114,0,0,0,0,0,6.32995545213794,2.66632437408915,15.5045855656807,0,0,0,2.99540106072988,0,1.05659027073487,1.12394933024148,0,0,1.04687216445904,0,0,8.66407530739702,1.1345976796067,1.53997559482122,3.18555412439067,0,3.67056238079802,2.60161435209193,0,22.6451556767471,0.0765461827721501,3.39738367571929,0,0,0,0,0,0,0,0,0,0,0,0,0,0,0,0,0,0,0,0,0,0,0,0,0,0,0,0,0,0,0,0,0,0,0,0,0,0,0,0,0,0,0,0,0,0,0,0,0,0,0,0,0,0,0,0,0,0,0,0,0,0,0,0,0,0,0,0,0,0,0,0,0,0,0,0,0,0,0,0,0,0
"Overall30","Otu00001",3,1,1,11.7292352606799,4.96335940900207,0.60391676818174,0.95,1.11429261814584,15.5683586988586,1.02183873743846,4.92596917144379,0.745958362074611,1.58586759248277,39.9080205711407,2.35264123065729,2.12504049437391,2.85986072872938,6.30428536763795,2.81048436252921,15.6485770385716,2.00313826216442,0,32.5301288782028,0,34.9526861691518,1.02275691622807,8.26379198418445,5.65975670163835,1.86224740506966,1.54066488730748,61.1330102330561,2.38610425161481,0.97571358224382,2.69363620816748,0.656655180748097,1.27776665833625,0,15.5328252132882,0.00900029506713116,0,1.87086759755834,9.96618599096498,1.30815199261203,16.9086128252928,8.72269175007289,0.824919902670065,1.68728012005027,5.74809267866248,5.16027316262467,0.207156171886032,4.46690513778812,4.49681998828464,100,1.21056941377159,1.98170610833443,0.735709077171497,16.8379718540587,0,1.88315539572827,1.66193941738071,4.06733532880198,15.8919782381654,1.31571378308923,1.80804900952152,1.35074824090612,38.1275048887604,8.45462690489396,2.6239819827009,0.17938181859823,1.91661030027612,0.934283777721217,0,1.09747342133626,4.59374483984631,2.00866595188977,2.18984804740418,11.4398462526736,1.99051019081174,1.23405580411866,8.57151882749221,0,0,6.40604487196269,3.532900726291,8.62029435846335,0.687847718704758,6.40566695380335,0,0,5.23207693382502,0,0,0,0,9.86268949723231,0,0,0,0,0,4.35015204591311,0,0,1.42480779153642,0,6.35992477529396,0,1.29451615275595,0,0,0,7.6612310527096,3.94087892946403,0,6.75798151767309,0,0,0,5.02245075083346,0,0,0,2.7432821961116,0,0.0981293382542052,0,0,0,0,4.12911571099608,0,0,0,8.90733752004738,1.05835121161179,0,0,3.87996061077207,0,0,0,4.88574002624027,0,1.46617157903958,0,0,2.383566830403,0,0.949115157914849,0,0,0,0,0,0,3.28768673685284,4.63804097529185,1.81719608612585,0,0,3.31141357756592,0,0,0,0,0.185196901097389,2.36154408719382,1.99144200724454,0
"Overall31","Otu00001",3,1,2,7.23680969470352,3.43598497998319,0.817470679444336,0.857142857142857,3.93312106190865,4.6759367719423,1.34929380891112,0,4.26951121389952,2.25015055840705,74.4560328020754,0,0,0,11.105408932192,8.92566070591575,18.3104842334383,15.8545936299553,0,8.93174124578998,0,0,0,2.46487757326515,0,0,2.39509637539911,72.5452626349501,0,0,0,0,0,0,11.7306900297417,0,4.94828111404844,5.43755680375869,0,0,36.784199829987,4.19339528804805,4.08487801122785,6.76018154963814,0,11.8738951424,2.48680861979333,3.4089937516493,5.00240628840861,100,19.1957728252631,6.32624177512468,0.240160351403099,0,0.979071824809768,0,0,7.81753669163273,9.73134312632164,0,3.46817997817073,0,0,4.67971946279756,6.68522116187203,0,0,0,1.81116589325371,4.07696965168188,0,0,16.1909209879089,0,1.88651350728093,0,21.5516515647615,0,3.84972267702248,0,0,39.4063189189964,0,0,0,0,0,0,0,0,0,33.3097159325096,0,0,0,0,0,0,0,0,0,0,0,0,0,0,0,0,0,0,0,0,0,0,0,0,0,0,0,0,0,0,0,0,0,0,0,0,0,0,66.6902840674904,0,0,0,0,0,0,0,0,0,0,0,0,0,0,0,0,0,0,0,0,0,0,0,0,0,0,0,0,0,0,0,0,0,0,0
"Overall32","Otu00001",3,1,3,13.0305854668433,6.38904105755389,0.690323557591946,0.85,0,9.6596877183491,2.1675096173802,0,0.047715754517969,2.84078235190842,100,0,0.0697438192753056,0.562169196843861,3.58079920926428,0,13.7896036304494,15.2150427341119,12.5295537353083,15.8500406576686,0,5.72578463193298,9.82610398343487,0,0,0,0,88.4186740930817,0,0,0,0,2.27686869451534,0,22.9306000820571,0,15.5639798422239,7.58370054372988,15.0563622045068,0,14.0413812207832,1.04736514442114,2.51310183794548,0,0,0,0,0,0,88.944925303031,19.549710469099,0,2.05697485520753,7.20179699896803,1.32595173978221,10.896717222203,0,0,10.8492032145417,6.41960121902903,9.59866392033329,10.757805139978,0,0,1.89697493255783,7.75559044304914,0,2.81495774802915,0,0,2.40946147854565,11.7971558392976,25.1205889579176,0,20.8442018600185,0,16.6142488080735,4.24192208944832,1.76331286530716,6.96736893702846,0,37.2615846032673,3.94916897361175,0,0,0,0,11.0306696733211,0,0,0,26.286827208378,0,0,0,0,0,0,0,0,0.00119811222231446,0,0,0,0,0,0,0,24.0589325238702,0,0,0,0,0,0,15.0152999039139,0,0,0,0,0,0,0,0,0,0,0,0,0,0,19.0152906651445,0,0,0,1.23782290390274,0,0,0,0,0,2.55958430115096,0,0,0,0,0,0,0,0,0,0,0,0,0,0,0.794374708096329,0,0,0,0,0,0,0,0,0,0
"Overall33","Otu00001",3,1,4,12.0687182996315,6.50498220784732,0.631265897816478,1,0,6.12192104464465,0,0,0,0,53.114517554541,0,0,0,0,0,19.7759818551374,0,0,0,0,0,0,0,0,0,0,70.3278513129948,0,0,0,0,0,0,45.5778847360951,0,0,0,0,0,16.57582916922,0,0,0,11.6430622753502,0,0,0,0,100,19.9323938427618,0,4.14248751985185,0,0,0,0,0,28.9192996956464,0,0,0,0,0,0,0,0,0,0,0,0,0,0,0,0,0,0,0,0,5.94556046324085,0,55.279477215673,0,3.56976414192922,0,0,0,0,0,0,0,0,0,0,0,0,0,0,0,0,0,0,0,0,0,0,0,0,0,0,0,0,0,0,0,0,0,0,0,0,0,0,0,0,0,0,0,0,0,0,0,0,0,0,0,0,0,0,0,0,0,0,0,0,0,0,0,0,0,0,0,0,0,0,0,0,0,0,0,0,0,0,0,0,0,0
"Overall34","Otu00001",3,1,5,15.6081910291246,8.85811469630983,0.346476968048741,0.789473684210526,0,0,0,0,0,0,92.0259771265333,0,0,0,16.2289038571754,0,13.3614859701811,0,0,0,0,0,0,0,0,0,0,100,0,0,0,0,0,0,0,0,0,0,4.67598147202453,0,34.7934324069271,0,0,7.67264442741154,0,0,0,0,0,76.8715739685957,7.73673392209783,0,0,0,0,0,0,12.5165247296985,26.6913483902591,0,0,0,0,0,0,0,0,0,0,0,0,0,0,0,0,0,7.42622791277837,0,0,0,0,3.51436869657895,14.8339750915699,0,0,0,0,0,0,0,0,52.6516714885854,0,0,0,0,0,0,0,0,0,0,0,0,0,0,0,0,0,0,0,0,0,0,0,0,0,0,0,0,0,0,0,0,0,0,0,0,0,0,47.3483285114146,0,0,0,0,0,0,0,0,0,0,0,0,0,0,0,0,0,0,0,0,0,0,0,0,0,0,0,0,0,0,0,0,0,0,0
"Overall35","Otu00001",3,2,1,9.30616311590285,4.83022492151425,0.781365944990519,0.85,0,6.19619218174732,0,0,1.0143358876789,0,40.8775445932933,0,0,0,0,0,6.98145214937503,0,0,11.9308423380195,0,0,0,0,0,0,0,52.1071529894046,0,0,0,0,0,0,63.6650544598086,0,0,0,6.92639867362499,0,11.3478341498088,9.28417459590415,0.651281741618133,0,0,11.0248748900819,10.7295622447044,0,0,100,21.1103992191159,0,6.81386591482726,0,0,0,0,0,16.8951998892175,8.78008579354098,0,2.51910847177967,0,0,0,0,0,0,0,0,3.48179670971416,0.856576733372521,10.3465955714245,0,0,0,0,6.28875091329648,4.35859427252197,0,0,21.2317125212727,0,6.64703694058309,0,0,2.79577376478509,2.25310023086111,1.86257421793794,0,0,9.57790895686503,1.84334487860645,0,0,1.37940900857916,1.54724152325172,1.88860843189223,2.37487639933097,0,0.209354286456805,0,1.70780115709435,0,0.733548314690479,0,0,0,6.89819091583373,1.97157106642661,0,0,0,3.03015895085638,0,2.48304311429895,0,0,1.40706577728473,0.372043863026671,0,2.12764378577632,0.82807771991031,0,1.64909086141348,0,1.97233564739035,0,1.47379001500029,0,6.32999457993811,1.73047255715285,0,0,1.57740861813214,0,0,0,2.35063097411713,4.28578365079889,1.11443838118704,2.41822747692573,2.27603087730117,3.59528457809874,0,0,0,0,5.42780088844215,0,0.81961749263759,1.39263150233427,1.52251088567622,2.94111287077343,0,0,0,2.76370094963531,0,1.71919606369266,1.14824267492961,0,1.96165696412646,2.22951481330931,0.00919031322205154,0
"Overall36","Otu00001",3,2,2,4.94420973127358,2.74521980134833,0.919349201484623,0.80952380952381,0,9.15963154520631,0,0,0,0,38.3854752893277,0,2.57276106684785,0,13.8434390285192,0,11.8148509155296,0,0,0,0,0,0,0,0,0,0,75.4902175742195,0,0,0,0,0,0,28.6521098916096,0,1.79635291716945,0,0,0,36.4723499785822,19.5529634153825,0,13.6039019479597,0,4.96857940584022,0,0,20.4537832347005,100,11.6816830366762,0,0,0,0,0,0,0,18.1061082575648,0,2.32856284615156,0,24.8662389670022,12.7414220482071,0,0,0,0,0,0,0,0,15.7510471597912,0,9.04892467978419,0,0,0,0,0,0,60.916117860222,0,0,0,0,0,0,0,0,0,0,0,0,0,0,0,0,0,0,0,0,0,0,0,0,0,0,0,0,0,0,0,0,0,0,0,0,0,0,0,0,0,0,0,0,0,0,0,0,0,0,0,0,0,0,0,0,0,0,0,0,0,0,0,0,0,0,0,0,0,0,0,0,0,0,0,0,0,0,0,0,0,0,0,0
"Overall37","Otu00001",3,2,3,10.4307498081903,5.45342356053675,0.795138420289564,0.95,0,0,0,0,0,0,64.949600939618,0,0,0,0,0,0,0,0,0,0,0,0,0,0,0,0,100,0,0,0,0,0,0,0,0,0,0,0,0,0,0,0,0,0,0,0,0,0,72.4582652042947,0,0,0,0,0,0,0,0,0,0,0,0,0,0,0,0,0,0,0,0,0,0,0,0,0,0,0,0,0,0,0,37.343049967416,0,0,0,0,0,0,0,0,0,17.2454174952779,0,0,0,0,0,0,0,0,0.932175777306645,0,0,0,0,0,0,0,20.584591710955,0,0,0,0,0,0,15.7239789985325,0,0,0,0,0,1.61810298094165,0,0,0,0,0,0,0,0,14.9757644857425,0,0,0,0,0,0,0,0,0,3.21331958677554,0,0,0,0,0,0,0,0,0,0,8.18277333365169,0,15.8994842718366,0,1.62439135897998,0,0,0,0,0,0,0,0,0,0
"Overall38","Otu00001",3,2,4,9.46643017414481,5.2047642218285,0.831120328212843,0.842105263157895,6.53741941452402,2.70093627449566,2.64220348016239,3.84350707437836,0,1.81949783281684,100,0,0,1.35675885474174,14.4248165890983,4.44041027713751,16.2507277430775,0,2.43775162798659,10.131693196452,2.41796860078637,6.89408972587416,5.10616102766539,5.01998549637845,3.98738529572641,0.558693341249148,3.94103079097853,80.6447247534247,0,1.38966642826034,0,0,0,0,6.62712182399455,2.00887626861913,1.99987917794085,2.55152006857548,13.6129982266225,0,36.7302943987075,9.11801334053571,0,0,5.13808451455668,7.91635903441744,0,4.73930119713423,5.9662578125426,87.0175469882298,13.083890550188,9.22747383084024,5.38056221367693,21.6044653481491,0.262580296294398,0,1.69142799915172,3.90445432689789,9.51210986470544,2.17434071826119,3.12615182645145,7.21819632644035,0,0,4.08436577748702,0,2.60851673432315,2.43877580406829,0,0,0,1.37649826929898,36.6085146628626,2.22769464154292,9.64666637401522,2.79700759578909,4.26829818109166,6.14006640857995,0.270606049936185,17.1060270284013,0,24.4522728253584,0,27.7432493229822,0,0,0,0,0,0,0,35.9806692847388,0,0,0,0,0,0,0,0,0,0,0,0,0,0,0,0,64.0193307152612,0,0,0,0,0,0,0,0,0,0,0,0,0,0,0,0,0,0,0,0,0,0,0,0,0,0,0,0,0,0,0,0,0,0,0,0,0,0,0,0,0,0,0,0,0,0,0,0,0,0,0,0,0,0,0,0,0
"Overall39","Otu00001",3,2,5,14.9057490471631,6.4877560717008,0.418775544471822,0.842105263157895,6.45299645050413,4.63565980989023,0.345655099848371,0,2.4631063358194,0,80.639903032579,0,0,0,4.48240293563057,0,4.04358481154649,5.47473305763006,16.5553919969656,4.7931167696908,0,1.89791468976046,0,0,0,4.97969279443063,1.66818333457286,100,0,0,2.11581704631709,1.76618596088915,0.973681142445789,0,3.66448709249948,0.259918264363323,7.30101754268407,2.87472292619689,0,0,10.476020658597,0,1.29817702390537,2.67167113515975,6.02155572286293,0,0.938953379176588,1.60219949266193,0,58.8087795756751,3.13002234528068,1.23825358473372,3.27453664382199,0,0,1.74444830335292,0,0,6.44010517278348,2.03698767143742,4.25350487593955,5.65408345122608,0,0,5.80354749709163,0,0,1.24943696342725,1.51555960427727,0,1.01144575558077,3.05484414897745,21.5229870386928,9.56026277853308,5.07654387243079,7.13677503270463,9.14772809377714,0.360646350706247,1.20677004864177,2.30131978784859,3.52897319991379,12.9700691167638,3.79826540845405,0,0,2.05143369722016,2.60154261635529,1.94079735491968,1.64751676812883,1.66980120817864,0.751371600281794,6.41164612425808,0.940716413508691,0.807019906779587,0.996333168872332,0.864694006722552,1.33725271744034,0.538187361915091,0,2.33618000559365,0.20579706021555,0.255294755652531,1.47018506864238,1.36234603300643,0.14946239586312,0.648347561854268,1.03642430233134,2.01813831228967,3.28424000163123,1.05542564033367,0.894808302425618,2.60652115502689,1.83201540318857,0.6627846906327,0.588221791337314,2.15644443156712,0.990577051744469,0,0.918080268400095,0.277007286297307,0.0112171359414014,1.2964658077834,0,0.759667852984103,0.577699640996944,0.866861598181515,0.935380735426936,1.1871759152107,1.12139671074271,0,3.33300307400425,0.962683691522163,0.861204619409812,2.33315284743545,1.24380101026258,1.51621364964308,0,0.775644274369805,1.12426078553527,3.94464617828264,0.696402030252729,1.61783167022475,1.27622143236792,0.710009295766667,0.247425821541155,2.03829719170162,1.29699997455824,1.62877183518671,1.78319690467777,0.363177472594305,1.00772190543806,0.716851326334407,1.1671594478072,1.84278730672557,1.04760091129845,0.716190522840175,2.695151265037,1.5546201072195,1.12151070613809,1.23139354533615,1.41552891742523,1.20841833024394,1.01557726041924,1.25154129066387,0.192523537853524,0
"Overall40","Otu00001",3,3,1,9.99258891250906,4.51579258262166,0.624777046106974,0.857142857142857,5.1931000643996,0,4.07183013903648,0,3.73769691641638,0,55.9359254608243,1.05526667265621,2.79850368836572,0,13.1216722693608,3.1707387231743,26.2515604740267,7.04840707472959,0,10.7280995041242,0,0,0,0,0,0,0,56.3111214203618,1.76872653086083,0,0,1.16064358607512,0,0,24.6677918075756,0,0,0,6.14465163625105,0,27.233308985859,10.5901786846102,6.25591074585204,12.1790007337118,0,12.5353051467443,0,0,4.43740645399333,100,27.294299581093,4.80722982486332,0,0,0,0,0,0,5.68702947214031,0,4.16479335035684,5.84342044269249,11.5013857613372,0,0.931380975477161,0,0,3.86606573517649,0,0,0,4.08987843865224,7.16847678098978,0,5.86437529981076,0,9.33644358825066,4.69014461754394,0,0,0,44.37389402442,0,1.77482926858765,0,0,0,0,0,0,0,0,0,0,0,0,0,0,0,0,0,0,0,0,0,0,0,0,0,0,0,0,0,0,0,0,0,0,0,0,0,0,0,0,0,0,0,0,0,0,0,0,0,0,0,0,0,0,0,0,0,0,0,0,0,0,0,0,0,0,0,0,0,0,0,0,0,0,0,0,0,0,0,0,0,0
"Overall41","Otu00001",3,3,2,8.64909774356869,4.95339164090422,0.771908458052706,0.857142857142857,3.46113637422369,0,3.24942897346688,0,0.982126303751758,0,89.3830415698221,0,0,1.52603097631775,8.28261091730354,14.2138968790686,15.1646138810878,4.21141870779553,1.81030137258136,0,0,0,0,0,3.41032726791397,0,2.46023363017605,100,0,0,0,0,5.14201491031639,0,15.392231421296,0.500765098622696,3.00076922728006,3.23856331419712,0,0,13.5019040532627,0,4.47458277232079,5.60097662108971,0,8.54708558376018,0,4.28159479191141,0,81.1636724406237,10.8275598325361,1.59642676840971,3.55340825985069,8.29482406711981,0,3.02246160698538,0,6.29747892969881,8.27955386443508,0,0,3.19856679706125,0,17.1558136660405,0,1.67938606969735,0,0,0,0,4.91349359054003,3.85428163964218,19.4846366534103,0,0,1.26417795793863,32.7370359008779,0,0,0,0,18.3933904397222,0,0,0,0,0,0,0,0,0,43.6506710910234,0,0,0,0,0,0,0,0,0,0,0,0,0,0,0,0,56.3493289089766,0,0,0,0,0,0,0,0,0,0,0,0,0,0,0,0,0,0,0,0,0,0,0,0,0,0,0,0,0,0,0,0,0,0,0,0,0,0,0,0,0,0,0,0,0,0,0,0,0,0,0,0,0,0,0,0,0
"Overall42","Otu00001",3,3,3,7.46408901812456,4.11404076523676,0.857954277276648,0.9,0.487543777600666,2.47718621045005,0,0,0,0,93.1346117842477,0.767260811671743,4.93686188718791,0,3.94200152818655,0,10.5759486899759,7.78730272300831,0.545071535007427,10.712302126001,0,0,3.509021105617,0,0,0,2.942662697056,100,11.6044820215356,2.2609728298417,0,0,0,0,35.7552842655536,1.40101944176531,7.49633672317628,0,8.721972632187,0,12.0964726029654,1.30439090171024,0.501335934549903,4.84803838236014,0,2.4812321455049,4.17550985571838,1.54281406610667,7.03607157304252,42.4719141997498,2.40171858711703,2.25597686787262,0.197282081541964,7.21686545998859,0,4.68663575534887,0,5.35052966798229,20.911473809257,0,1.41117913283385,3.91254551445735,11.9740885622015,0,0,0,0,0,6.36267159936526,0,4.87404031537829,9.84918517889794,5.11164546591755,10.9549315329917,3.09341931681617,7.40232228253647,18.7137565650592,0,1.93675155337395,7.28798648095747,0,3.12925445858665,7.66314314989521,0,0,0,7.9804255894793,0,0,0,0,24.6733045435319,0,0,0,0,0,0,0,0,0,0,0,0,0,0,0,0,18.1013626081965,0,0,0,0,0,0,8.61223024714004,0,0,0,0,0,0,0,0,0,0.605789345573421,0,0,0,0,8.1922107086615,0,0,0,0,0,0,0,0,6.21317806175089,3.00548326403589,0,0,5.42681549059197,0,0,0,0,0,0,0,0,0,0,0,0,0,5.97452789462079,0,0,0,11.2146722464178,0,0,0,0
"Overall43","Otu00001",3,3,4,13.0718441249465,7.03026052017279,0.585537876130073,0.894736842105263,0,0,0,0,0,0,59.8801107458769,0,0,0,5.61890513844175,0,19.3456946196163,0,5.10459735636532,0,0,0,0,0,0,0,0,78.3993590799836,0,0,0,0,0,0,0,0,2.60960031191489,0,0,0,12.4039352180444,0,0,2.19314909305367,0,0,0,0,0,100,16.6285100932908,0,0,0,0,0,0,0,0,0,0,8.0722170898523,0,0,0,0,0,0,0,0,0,7.42695150839158,23.0065095629199,0,0,0,0,0,0,0,0,42.8314332129397,0,0,0,0,0,9.28762149292209,0,0,0,18.2171482304034,0,0,0,0,0,0,0,0,0,0,0,8.09244831090391,0,0,0,0,16.7629415972261,0,0,0,0,0,0,0,0,0,0,0,0,0,0,0,0,0,0,0,0,0,27.2924334117096,0,0,0,0,0,0,0,0,0,0,0,0,0,0,0,0,0,0,0,0,0,0,10.6798411639016,0,0,0,0,0,0,0,0,9.29817442634915,0,0.369391366584146,0
"Overall44","Otu00001",3,3,5,8.18765922186759,3.97669502928352,0.752671883174468,0.894736842105263,0,0,6.83227620467188,0,0,0,74.2249497737693,0,0,0,0,0,19.237262277723,3.02252602181595,3.54581720213869,0,0,0,0,0,0,0,0,100,0,0,0,0,0,0,32.1523423592811,0,8.60077185644254,0,7.79328309531698,0,4.24000129779338,0,0,0,5.14837892040277,0,0,0,0,54.3670815572966,5.02312873740339,0,0,0,0,0,0,0,18.761645870784,0,0,6.97512621889058,0,0,0,0,0,0,0,0,8.63649201108749,0,16.1761638972495,3.51661622933482,0,0,0,0,0.306827298481636,7.33944527720684,0,10.959593591615,6.56650569739534,0,0,0,0,0,0,0,0,62.5255683396844,0,0,0,0,0,0,0,0,0,0,0,0,0,0,0,0,36.5821077776267,0,0,0,0,0,0,0,0,0,0,0,0,0,0,0,0,0,0,0,0,0,0.89232388268894,0,0,0,0,0,0,0,0,0,0,0,0,0,0,0,0,0,0,0,0,0,0,0,0,0,0,0,0,0,0,0,0,0,0,0
"Overall45","Otu00001",4,1,1,9.72734095729286,5.33156054672929,0.668955459186415,0.85,0,2.59617749118569,5.55474485694896,0,1.12594257063049,0,55.6527139430239,0,1.32336407246931,0,7.24046750700534,5.53238748379851,15.1609249311895,5.06946263214254,0,4.50545148605736,0,0,0,0,0,0,1.39029662479171,85.2611327776185,0.764420639596817,1.79982446949574,0,0,0,0,51.4840523644388,0,2.52473422334241,9.69956509375568,0.781761627010683,0,24.6290324905427,9.38941198346522,2.43826547052228,13.2216113225764,5.44003493676531,16.802763396189,5.08692284000501,0,8.21875957883967,100,36.8268002791054,0,4.98102332350643,0.922743873366387,0,6.00607308403705,0,1.64988614597197,21.0007953150079,0,0.705884849909265,2.93951251735381,9.23618526817797,6.44306530740141,0.995215665183566,0,0,0,0,0,2.3897537365419,3.75810701895516,11.6576781571993,6.4652234531863,0.818442475079017,0,19.7157971234441,0,0,0,0,54.8271505201102,0,3.25365987920556,0,0,0,0,0,0,0,13.5787614153036,0,0,0,0,0,0.458543734889374,0,0,0.222322052669474,0,0,0,0,0,0,0,18.083194290324,0,0,0,0,0,0,18.3518831870379,0,0,0,0,0,0,0,0,0,0,0,0,0,0,22.6943546710484,0,0,0,0,0,0,0,0,12.1894342601813,0,0,0,0,0,0,0,0,0,0,0,0,7.37484337424187,7.04666301430405,0,0,0,0,0,0,0,0,0,0,0,0
"Overall46","Otu00001",4,1,2,5.96286619525559,3.16121076304642,0.927588000613936,0.857142857142857,0.512980421192718,6.05547611336356,3.86234488259722,0,2.44753449901824,4.29895526517186,83.6532326726399,0,0,0,2.61745492409546,0,14.5984392941899,3.8387307764403,0.94033862025569,6.16920212624293,0,0,6.19623183986428,0,8.25317357871914,0,0,55.830603092461,0,0,0,1.16076361235082,4.3049554408969,0,25.419006350112,0,2.29579855478356,0,1.57409347332594,0,5.05283098413334,3.10802389004623,0.993008116282936,1.49080675638329,1.6221790185081,2.9403199377818,0,9.31710417531253,6.38679666679883,100,2.50960525786546,4.0586382636055,2.02465571852655,0,0,0,0.376634393099794,2.2756030354942,23.4698627081421,2.27443122399847,1.8990256278037,4.46763789983216,0,7.82454870418938,0,0,0,0.377755429699611,0,0,0,0.752995078503726,10.6254737247462,2.50394190954992,0,0,20.8901162774277,0,0,3.11336454055574,0,3.00804760465374,0,0.846998882843251,0,0,0,0,0,0,0,31.8706274907204,0,0,0,0,0,0,0,0,0.0185186333129615,0,0,0,0,0,0,0,12.0308678405881,0,0,0,0,0,0,9.31460922612583,0,0,0,0,0,0,0,0,0,0,0,0,0,4.22283875613474,19.1131717487773,0,0,0,0,0,0,0,0,12.9185517435534,1.13705826835229,0,0,0,0,0,0,0,0,0,0,0,0,0,0,0,0,9.37375629243499,0,0,0,0,0,0,0,0
"Overall47","Otu00001",4,1,3,8.63862151428509,4.63022255447256,0.862503715114917,0.95,3.15830939715937,0,6.20800966757042,0,0,0,70.2090627885631,0,0,0,22.719103953662,8.15869916431566,17.5946708839211,3.58493471817523,0,7.02678864695547,0,0,0,0,5.63135378734149,0,0,83.6654287620537,0,0,0,0,0,0,20.1482374730667,0,0,11.3241329761614,1.7563270101627,0,29.3214356642763,30.7110166680355,1.63122645262079,13.0481207957876,0,13.1442634243753,3.2245332824578,3.86997766916764,12.9284884307845,100,2.44006444375546,0,0,23.2654145398239,0,0,4.43773155375284,9.86005812001834,12.2853394088331,0,0.775107393355418,10.6011570440082,0,0,0,0,0,0,0,0,0,6.04456178753797,41.7634499224458,6.30051603920185,15.9002371401782,0,19.3931834940248,0,0,0,0,13.4965127071109,0,6.07080000087876,0,0,0,0,0,0,0,16.4506189144644,0,0,0,0,5.59498320532375,3.17070863143104,0,0,0.17288480353215,0,0,0,0.371002980672277,0,0,0,14.7867368184186,0,0,0,0,0,0,7.59013915555731,0,0,0,0,0,3.25342567546202,5.82226819664617,0,0,0,10.9956912276217,0,0,0,12.8029014139532,0,0,0,2.12434723830285,0,0,0,0,0,0,0,0,0,0,0,0,0,0,0,0,0,0,12.6670190245996,0,0,0,0,0,0,0,0,4.19727271401495,0,0,0
"Overall48","Otu00001",4,1,4,8.93183686277593,4.58966330356182,0.803449397203599,0.947368421052632,1.64987413922332,1.1161278935165,2.31084212679883,2.36444854046881,0.165248198952795,3.2764068100799,51.6737962764465,0,0,0,4.65749153011435,0.237985041076418,12.2233673397974,2.40950223254365,2.31650316891792,14.4673809932711,0,1.1633050442491,2.00375045222688,8.69761487257844,3.5399269159563,1.58736614468172,0,64.6408618273854,0,0,0.494279518427326,0,1.95528370142404,0,21.822208299571,0,10.5618869731333,4.9400809611091,2.00643023589921,0,17.1281713120542,4.18363672982158,1.02413945813286,4.33744872421952,2.29031845235052,1.8421227796691,2.56308250049835,3.93797428817624,3.35846926419094,100,13.4013916271962,0.312586159953111,6.70844502174954,5.54072499036734,1.18890163403988,0.147219098876413,0,1.41332646966164,8.92536781644257,0,0,4.62734919802714,11.8518777625554,0,2.49521714352882,0,0,2.45217255696723,0,0,0,4.51383116125746,10.7325667102887,6.32252412724054,0.491821998479225,0,3.51633603775549,4.73106539854363,0.462328698689024,0,0,26.3008748831011,0,3.08985623918282,0,0,0,5.83517593756649,0,0,0,13.9266875875306,0,0,0,0.810280913200173,4.61172685296182,0.581023009990791,0,0,0,0,0,3.44158347311105,0.0710763148883402,0,0,0,9.33092514211068,2.04914249116156,0,0,0,0,0.841414044354786,6.92517677873669,0,0,1.21644229163153,0.00399538964090126,0,1.9535329487485,2.43917174164803,0,0.699364913576051,0,5.42813512586773,0,0,2.47334476621592,12.0899636843972,2.871106420475,1.32413646799113,0,1.37635142520887,0,0,0,0,5.83886327583714,0,0,0,1.88843583777218,0,0,0,0,0,0,2.43175283404894,0,2.74704010132414,5.08670909308802,0,0.344142343210892,0,0,0,0,1.28880330213468,0,0,0,0.0744954915701811,0
"Overall49","Otu00001",4,1,5,11.4101643189413,6.24901304309462,0.765368368000944,0.842105263157895,8.7597311565338,8.63025073788858,9.94513109054717,1.47989121521169,0,0.334140861937121,84.5558124649122,3.51061084605944,1.90711742700496,0,7.62276581634154,6.22062065338894,38.2420588003679,4.03432396563219,3.34186882321049,10.8786875400153,0.592267944856098,7.93867690516703,13.5433667346777,0,9.24416660645359,12.6065604476088,5.06219501100047,100,0,4.675794507362,0.989530263622951,0.775422385026795,2.37709891362095,0,44.4147294918287,0,19.3499041950156,6.48025550940715,10.8453431173404,0,26.2338579452903,18.042832841041,5.02410610618499,6.97114440386509,12.9883773992848,28.8104924002929,1.04746193810783,1.85825228475834,0,98.6665890897368,10.0335916488207,0.997430613003596,3.93305560716401,10.0144301980778,1.24337644567137,2.77236351836059,2.73215701325764,7.85528683132238,28.2710204591049,0,7.46217557359947,0,0,0,0,0,3.6116706982348,0,0,0,3.9691841376889,5.7068423128086,17.640040803597,10.3127849507453,7.7246707519897,2.32229693666938,10.2942661660159,3.11174247796975,4.57483381788189,8.86713949352357,0.642588296964084,38.747490373493,0,10.3585851432341,0,0,0,0,0,0,0,17.6786980307299,0,0,0,0,3.96345781083415,0,0,0,0,0,0,0,0,0,0,0,15.4926639155906,0,0,0,0,0,0,7.93767523329738,0,0,0,0,0,0,0,0,0,0,7.34541939714832,0,0,0,19.7449817943206,0,0,0,4.21069901362679,0,0,0,0,10.3862948241518,0,0,0,0,0,0,0,0,0,0,0,0,5.94943997338688,7.29067000691365,0,0,0,0,0,0,0,0,0,0,0,0
"Overall50","Otu00001",4,2,1,5.86694949675027,2.53370138306889,0.868864373134228,0.95,0,2.91921981438367,5.81833317973086,0,0,0,76.4839439978127,0,0,0,0.3621247864775,0,10.207664056555,8.99851094241175,0,5.31726886733001,0,0,0,0,0,0,0,69.1495961186672,0,0,0,0,0,0,30.9053686584273,0,0,0,0,0,8.33022819323,21.9893293578821,0,0,0,0,0,0,0,100,15.2970540179569,0,4.10835138814691,0,0,0,0,0,10.2195351137024,0,0,0,0,0,0,0,0,0,0,0,0,0,21.4781170472475,0,0,0,0,0,0,0,0,34.4447272954428,0,8.54231260810149,0,0,0,5.01446395219016,0,0,0,25.3230789064742,0,4.62072522636183,0,0,7.36001285540955,0,0,0,0,0,0,0,0,0,0,0,17.5262966470866,0,0,0,0,0,0,0,0,0,0,0,0,0,0,0,0,0,0,0,0,0,15.1039725362381,0,0,0,0,0,0,0,0,15.4978012878724,0,0,0,0,0,0,0,0,0,0,0,0,0,9.55364858836723,0,0,0,0,0,0,0,0,0,0,0,0
"Overall51","Otu00001",4,2,2,5.08551577180664,2.99836741777673,0.921441180925742,0.857142857142857,4.00444008231142,3.11342558941293,1.47547785334048,0,0,1.59161028050923,100,0,1.46818297509311,0.352842103422506,6.55553045422442,2.37068588637239,17.0578770020469,5.48599049271642,5.48354314783808,16.776009564403,0,0,0,14.9469264652884,0,0,1.61655588407213,81.9367689523862,0,0,0,0,2.12221219134594,0,17.5749394856659,0,16.912754240171,0,11.0600429538222,0,23.1735602407637,3.26005643833285,0,2.22993143135788,2.71037019559991,3.22256272339251,0,7.64122508519795,1.8360039093298,80.4853078247859,22.8258481323469,1.63526946253059,1.16220236849822,4.9183117358611,0,0,1.39691190694215,0,6.59575517696665,0,7.56000391611544,2.84314989981953,6.38259865762519,0,3.8932285123015,0.269638880522557,0.617159393377129,3.26595919053807,0,0,2.17669252784242,9.30859406005563,11.7038536118865,0,3.2441049958078,0.640751005952623,3.6403360583847,1.77729351806119,1.57507796885718,2.22129298141635,0,28.6877890273544,0,2.50814534935013,0,0,0,0,0,0,0,39.2618664431058,0,0,0,0,0,0,0,0,0,0,0,0,0,0,0,0,17.0019864292238,0,0,0,0,0,0,0,0,0,0,0,0,0,0,0,0,0,0,0,0,0,15.1556545862374,0,0,0,0,0,0,0,0,14.7654174061862,0,0,0,0,0,0,0,0,0,0,0,0,0,7.86577923385318,0,0,0,0,0,0,5.94929590139359,0,0,0,0,0
"Overall52","Otu00001",4,2,3,7.39056772591206,3.79892138753646,0.861642393525834,1,6.98499521808499,4.36042824027714,1.46012583515329,0,0,0.261381912162498,88.2914586484384,0.160532754341077,1.28919393196314,0.809162626001422,21.6031542443571,10.0397294191671,29.2057716858229,8.51021713870062,4.31833751375494,16.9364966101514,0,2.16637109594553,4.5984951952374,0,3.45825056037761,3.48211038136743,3.82324884753394,86.5487311090257,4.55543012208671,1.94575470891529,0.796837198246727,1.86413792089604,0,0,61.746100577863,6.43079846942895,13.8461607509219,4.19077378302751,8.08183286116794,1.04670478047527,48.2476279721211,10.117345856404,3.10610008668544,13.5442083862449,6.03519310994094,6.90990747676712,2.0427254768706,5.34946821163679,6.11296438439708,100,8.02831975026374,1.52595144879185,6.89842812217908,11.3516219737042,0.0111008591896424,1.37639027013558,0.843451780179642,8.73772254362905,11.4955713822855,0,11.5754086880159,10.1513442851566,13.157708932577,3.57191322183136,1.0313775544532,3.21799867310331,5.20334432902559,0.956682474847663,1.41716036293162,0,10.8422947978136,3.38881059830949,18.640725082051,6.16678990642382,9.40051810870095,7.86292502998581,21.5865325723836,2.61965390271202,11.9222294624528,10.668833898769,0.368392791057847,7.22158275702051,0.0237147752152001,5.69167800821064,0,0,4.43279618674671,0,0,0,0,13.5701438180899,0,0,0,1.62846699121977,2.34873936625655,2.27238525754639,0,0,1.14461703180119,0,0,0,0,0,0,0,7.78766497795192,0,0,0,0,0,0,6.21037842826142,0,0,0,0.601363317080564,0.268550294191415,3.95980508974065,3.05659188540402,0,0,0,6.83151018009157,0,0,0,11.3577880631012,0,0,0,1.60740099575876,0,1.00816880098057,0,0,7.91437284988185,1.47909819486946,0,0,5.02250472198982,0,0,0,0,0,0,0,0,0,5.9355934418505,0,0.571597696530716,0,4.11608627144049,0,0,0,4.42388922339123,2.45048691582329,0,0,0
"Overall53","Otu00001",4,2,4,14.3144486283922,8.34562476931345,0.581597654333059,0.947368421052632,5.15410044785083,1.79162857654322,0.45345287276189,0,0.553981561779033,0.228847526062473,65.9119995972578,0,0,0.429762793481991,5.90336016876678,3.06161963468256,13.1265541222459,2.3442444654203,3.63408197707054,6.51992378234753,0,0,1.33133757351677,0,0,1.6689077436539,2.50288469267501,100,3.00423850134983,0,0.278327448950855,0.879004970271853,1.72664151404363,0,39.8424367850168,0,10.7162412404031,5.98270009060294,18.2635778573989,0,26.3729708955375,0,2.27357133065253,6.12265039531426,0,4.24459759485421,0,0,0,74.4806070633621,5.44546962304438,2.01491146723939,1.95015083362744,15.0879782798302,0,1.06196123281051,0,9.92388139893949,10.1541272184059,0,5.35760222339459,3.46515538878185,0,0,2.0927242285088,0,3.94351339979909,0.878176954051756,0,0,8.01867263387219,1.18176240601105,6.01275255020895,0.288257005117547,0,1.71326775986813,15.136782352924,0,5.75693486117234,1.91785331572797,0,18.5887240336262,0,2.79410095635851,0,0,0,5.69178030914023,0,0,0,23.2375237305966,0,0,0,0,0,0,0,0,0.968307336729691,0,0,0,0,0,0,0,18.7476854197946,0,0,0,0,0,0,8.55705322057576,0,0,0,1.74000557976044,0,0,0,0,0,0,0,0,0,0,16.7255480336027,0,0,0,3.38569251271071,0,0,0,0,8.94874918321753,0,0,0,0,0,0,0,0,0,0,0,0,0,9.20873761228455,0,0,0,0,0,0,2.7889170615871,0,0,0,0,0
"Overall54","Otu00001",4,2,5,14.8338494482472,7.23473794788165,0.3607137163619,0.894736842105263,0,12.8570368083332,5.68046198627689,0,0,0,75.1840936779353,0,0.498495555871459,0,9.48338692980995,0,12.8076100433685,0,0,6.14149557266942,0,0,0,0,0,0,0,75.5323013155109,0,0,0,0,0,0,42.2753919020695,0,0,0,0,0,22.7582703228256,0,0,7.28717624513296,0,0,0,0,0,100,25.5533973347698,0.7871629586102,0,0,0,0,0,0,17.1144728972226,0,0,0,0,0,0,0,0,0,0,0,4.81780127652611,0,15.2249790053149,22.311859731846,2.0651634282278,0,0,0,0,0,0,32.3477575922188,0,0,0,0,0,0,0,0,0,0,0,0,0,0,0,0,0,0,0,0,0,0,0,0,0,0,0,0,0,0,0,0,0,0,0,0,0,0,0,0,0,0,0,0,0,0,0,0,0,0,0,0,0,0,0,0,0,0,0,0,0,0,0,0,0,0,0,0,0,0,0,0,0,0,0,0,0,0,0,0,0,0,0,0
"Overall55","Otu00001",4,3,1,9.7359351475523,4.18132373569294,0.838678786281191,0.952380952380952,5.35883928034934,6.26466855059958,1.09034445427173,2.52805693530622,1.75598210127958,2.04679779851471,76.4359418233825,0,2.0702428713335,0,3.24627649437771,0,5.92762989625778,8.48594797748665,2.54326776899723,1.41653784329915,0,4.87079387615099,4.29307364552474,0,0.906609740391123,0,1.44876281595961,100,0,1.23290578062461,0.871637347786149,0,1.74085266247727,0,23.7459855089708,2.28079756635245,1.26788521713856,2.33920308308294,13.0224201569058,1.58308470434703,14.3877487685241,5.25166976231239,7.70420194396164,2.1495023640398,2.4722631221969,1.47340172976835,4.269288947817,5.20851394352889,1.69407997243559,80.0330496882507,9.3243305576602,2.27277217707043,0,12.7596909372704,0.515912578743734,2.45475454978627,1.88399031795386,0,12.6034442232497,1.33140026380129,5.51071024584538,4.38303990706443,7.48919818342083,3.82411591605936,3.7852410998144,0,2.12306114064029,2.04670858582242,0,2.99075048606533,2.42751602938163,3.24502057884364,10.1069662942388,9.44841824677188,7.58162407755762,0,12.6468851743939,0,0,5.63914964497504,4.63945263603767,19.1317227329419,2.10863714514482,3.9396326440671,0,0,0,1.82398334863867,0,0,0,12.9506173319769,1.77634173163484,0.983149222626978,0,0.543228374496563,0,0.513085874197049,2.38903759288221,2.07561883452887,0.715039100472295,0,0,0,0.744968133796926,0,0,0,13.1601545807602,0,2.72795662786318,0,0,1.5305201002591,0,4.21969646694629,0,2.91844648385135,0,0.212468013629621,0.964932144923146,1.24986618592743,0,0,0,0,3.4389303178265,0,0,0,6.10163996687888,6.70381539699833,0,3.27073196410416,0,2.70560004552726,0,1.36137809115705,0,2.73430684499544,0.56001413318665,1.88101654601541,0,0,1.19773928745903,1.31565663756933,0,0,0,0,0,0,4.05694203066158,1.61067340455902,1.2070549397803,0.388631644695286,0,3.54050059544791,0,0,1.24872956986537,1.33113096984029,1.25825802191948,2.33482991678892,0.253309525312115,0
"Overall56","Otu00001",4,3,2,5.63441187702047,2.63314630844943,0.906648736282547,0.904761904761905,0.966678144450498,5.21591197277604,2.16853553970631,5.53545001382249,0.639205714885807,1.42109158249411,61.6469912526375,0,1.25000274006999,0.112442200052714,5.23472938725064,2.57165223875853,24.4833476737002,1.15098249768525,0,9.93991496930365,0,7.2812935198192,2.32697405502224,0,12.5531728492086,3.03435920798131,2.66997512853488,59.6755675035786,0,3.20629544179561,0.00584378104792704,0,0,0,3.39251176920943,0,3.28286008085512,0,0,0,11.7705092936626,3.17994133104113,3.2073468161492,4.55575414162384,2.88912001099481,2.19818933658913,1.16235572983445,5.62113260768171,0,100,10.7175909847474,2.47071377440003,0,0,0,1.04200690843357,1.63790708140617,3.08459992432375,5.89602658571619,6.71318571899803,3.1513019838749,2.99069794144126,0,0,1.69399826930413,0.429306666654366,4.74927944200263,5.51444273186114,0,0,0,2.92328805738367,16.7108114597353,13.205303356198,6.16909361116761,2.17210927695877,12.6201833254212,0,0.270870104953963,11.8814385965219,0,25.3590439496415,0,2.5155017283235,0,0,0,0,0,0,0,18.9293680528599,0,2.26526924912342,0,1.56979615286302,2.99437606827339,1.45313118192092,0,0,0.242858583132202,0,3.72596251499052,3.57161437286732,0,0,0,0,10.9332666214006,0,0,2.35412656763004,0,1.17652232380118,0,0,0,0,0,0.3891239479583,0.06743591726679,2.13088891058005,2.35679885393371,0,0,0,2.73241037369848,0,0,0,9.88815402745352,0,0,0,1.41527154301664,0,0,0,1.35115268616426,5.11643031794696,0.980590903147096,0,0,0,0,1.28720376222503,0,0,0,0,1.04013346101377,0,0,4.24830939763515,0,2.90798594630386,0,3.4457196850856,2.03297917696622,0,5.08539081528154,0,3.08203604024069,1.17237314168422,0.0533194035356325,0
"Overall57","Otu00001",4,3,3,6.74231452235342,3.88154808624864,0.888492600443861,0.9,1.50928440494578,2.04240404204551,0.991841820377492,0,0,0,40.4981864507311,0,0.738677653485781,0,2.8660164992923,1.95685848507182,4.14552807163748,1.0336732483124,1.06945992856722,5.81791679231695,0,0,0.848633840374289,0,1.88740018395526,0,0.865170771685137,52.9510573368198,0.820579224336011,0.60219484287356,1.54090593612486,0,0,0,14.6091088818965,0,4.90778270992423,2.87017106253915,0,0,9.19204546332642,3.60036238549046,0.924111827894286,0.843842718557564,5.00232891201257,2.8517168946349,0,1.81265611920504,0,100,14.153876249479,0,0,4.99175336069167,0,0,2.01999279055498,1.58227018057541,5.56529909900464,0,3.27622945583354,0,0,0,1.9593050757802,0,0,0,0,0,1.84750504876976,2.62596854442031,8.5375606699786,3.33936515922945,2.02123679784691,1.09715943061575,3.76016625362668,0,1.45130788037561,5.24851478988983,0,30.3904191805446,0,0,0,1.50274578562265,1.71045491663538,2.09440372131379,0,2.12762401148401,0.282943964916068,3.77918327302332,1.45514376555743,0.788419629103721,0.374280711798352,0.370305333466987,0.803652296477801,1.03180974170252,1.77481267323949,1.39224717636623,0.421005876917003,0,0,1.24025394610387,0.0435978211759585,0,0.53131928440971,0.92907344093807,6.88794529364065,0.550252679595748,1.24040497162327,0.556762024701512,0.665564908269484,0.782724584853194,0,3.72281499122968,0,1.17341526023129,0,0.431232860935331,0,1.05333649673035,0.85060465213486,0,0.256200251675189,0.487332693954343,2.77369206218205,1.47716095623957,1.13303245165737,0,13.432291080971,1.61828228324422,1.69938872912412,0,1.23499599561497,1.19296391598097,0,0.264614816355753,4.58299247446912,2.34941999188429,0.694164981111845,1.52509857509318,1.51001344497937,1.38429361906692,0,0,0,0.92915911620651,0.521717458701828,0,3.12883680767766,0,0.928103315730722,2.6960519603152,0,0.461007978145688,2.29103950911865,1.82551906146049,1.47494777950212,0.745296565340856,0.729006051146164,0,4.46146588419415,1.54694577486393,0.0766283197940447,0
"Overall58","Otu00001",4,3,4,13.3341964022402,7.31870547186649,0.687016744821365,0.894736842105263,6.09604263201071,2.75951087643212,1.60914554982973,0,2.38201879677584,2.05967602865093,57.9227597992428,2.93438925070632,0.987102776857807,2.33364467835398,19.5300648466158,0,7.85563601701113,4.54043075519463,4.78983947251568,4.47429759489015,1.41315955183087,4.4944430528576,16.5649338554788,0,2.04700555112704,2.27003147657176,2.01193891306845,100,5.93111363371864,0,0,0.492978544871941,2.16478534247392,0,16.0551196001798,0,6.60715848963299,4.84474960072211,3.45214666744655,0,17.1322855671748,0,0,9.01903561150448,6.63952034474666,15.5832813094924,2.61083011360561,2.58196960306282,4.50363643081864,86.6087939019878,9.48467282682273,3.25855702518252,0,0,0.803121018438494,0,1.43349955778055,11.9422035929753,3.67797315319219,0,0,3.65024730034869,0,0,1.66471073031087,0.538608238825937,2.20320301073401,0,1.98303412995923,0,1.68572101490608,13.8705210162969,32.4577031661695,1.9828905037052,1.98248698328301,1.22228432756733,9.0207900869787,0.516855893020649,3.21650552441036,2.48619168303682,0,37.9225432867806,5.49619877745419,5.50356646274903,0,0,0,5.9290568690688,0,0,0,13.6061301256275,0,0,1.50902130825794,0.983702362066247,3.24662953143561,0.120010904301389,0,0,0.0358495126036354,0,0,3.38737319602058,0,0,0,0,15.2793346153713,0,0,0,0,0,0,3.48724860887009,0,0,0,0,0,2.18904774433637,1.71834374887704,0,1.34418896158648,0,3.2246289524404,0,0,0,14.8462897861553,0,0,0,0,0,0,0,3.03652187837442,0,0,0,3.86171315870579,0,0,0,0,0,0,0,0,0,2.18512539922578,6.22976954566189,0,0.728621020695517,0,0,0,0,0,0,3.55294083466514,9.48083369427937,0.0176182413733989,0
"Overall59","Otu00001",4,3,5,15.0998518619019,5.90133827915341,0.499039164652117,0.947368421052632,5.29037720754138,3.3287132655845,2.75462021803457,1.47943278181923,4.16163829186078,0.799235064197829,53.2566188127792,0,1.76136531805603,0,3.46194157122735,11.9004218538596,10.4915354652872,0.559336855386451,1.71326513750425,8.25084374369428,3.01808510950781,0,5.67362527560341,0,3.51627934510744,1.32527944596683,4.57788152185039,66.8220615253192,0,3.70031301021185,0.86578491132988,0,1.25478709278868,3.67095140988072,67.198310756953,1.97424042402552,2.06491409051228,4.41260182103301,4.04445933431681,0,10.5127929947008,17.6927909967137,4.4560455210505,2.40351012763779,5.38055842808809,23.2139303641142,3.61330254545,2.38536344027783,7.91573638305586,100,8.74872033677623,2.36934331941624,2.75634322065278,0,0,0,2.75381016741532,4.66625290341645,23.2520275068322,4.9865409166013,2.17435739786747,2.44388181628642,0,7.00374641880828,2.07383412047037,1.71284912105852,2.34485274934902,4.50380153285013,1.77529144349716,0,2.33122052719441,3.4113030278515,12.4740045596557,4.31153257623289,1.89226226779581,1.78155829727339,5.00575741455128,0,1.90415596108222,1.41448711848802,0,22.8891588294829,0.263906290282754,1.93844463524466,0,0,0,0,0,0,0,27.8990672351879,0,0,0,0,0,0,0,0,0,0,0,0,0,0,0,0,18.564219521646,0,0,0,0,0,0,0,0,0,0,0,0,0,0,0,0,0,11.7278795402843,0,0,0,41.8088337028817,0,0,0,0,0,0,0,0,0,0,0,0,0,0,0,0,0,0,0,0,0,0,0,0,0,0,0,0,0,0,0,0,0,0,0
